doc_id,agg_label,agg_neg,agg_neu,agg_pos,n_chunks
article,pos,0.1099686173329411,0.0002279711559559594,0.8898034115111029,2
